symbol,company,category,enabled,source,as_of_date
360ONE,360 ONE WAM Ltd.,MIDCAP,True,NIFTY_MIDCAP_150,2026-07-19
3MINDIA,3M India Ltd.,MIDCAP,True,NIFTY_MIDCAP_150,2026-07-19
ACC,ACC Ltd.,MIDCAP,True,NIFTY_MIDCAP_150,2026-07-19
AIAENG,AIA Engineering Ltd.,MIDCAP,True,NIFTY_MIDCAP_150,2026-07-19
APLAPOLLO,APL Apollo Tubes Ltd.,MIDCAP,True,NIFTY_MIDCAP_150,2026-07-19
AUBANK,AU Small Finance Bank Ltd.,MIDCAP,True,NIFTY_MIDCAP_150,2026-07-19
AWL,AWL Agri Business Ltd.,MIDCAP,True,NIFTY_MIDCAP_150,2026-07-19
ABBOTINDIA,Abbott India Ltd.,MIDCAP,True,NIFTY_MIDCAP_150,2026-07-19
ATGL,Adani Total Gas Ltd.,MIDCAP,True,NIFTY_MIDCAP_150,2026-07-19
ABCAPITAL,Aditya Birla Capital Ltd.,MIDCAP,True,NIFTY_MIDCAP_150,2026-07-19
AJANTPHARM,Ajanta Pharmaceuticals Ltd.,MIDCAP,True,NIFTY_MIDCAP_150,2026-07-19
ALKEM,Alkem Laboratories Ltd.,MIDCAP,True,NIFTY_MIDCAP_150,2026-07-19
ANTHEM,Anthem Biosciences Ltd.,MIDCAP,True,NIFTY_MIDCAP_150,2026-07-19
APARINDS,Apar Industries Ltd.,MIDCAP,True,NIFTY_MIDCAP_150,2026-07-19
APOLLOTYRE,Apollo Tyres Ltd.,MIDCAP,True,NIFTY_MIDCAP_150,2026-07-19
ASHOKLEY,Ashok Leyland Ltd.,MIDCAP,True,NIFTY_MIDCAP_150,2026-07-19
ASTRAL,Astral Ltd.,MIDCAP,True,NIFTY_MIDCAP_150,2026-07-19
AUROPHARMA,Aurobindo Pharma Ltd.,MIDCAP,True,NIFTY_MIDCAP_150,2026-07-19
AIIL,Authum Investment & Infrastructure Ltd.,MIDCAP,True,NIFTY_MIDCAP_150,2026-07-19
BSE,BSE Ltd.,MIDCAP,True,NIFTY_MIDCAP_150,2026-07-19
BAJAJHFL,Bajaj Housing Finance Ltd.,MIDCAP,True,NIFTY_MIDCAP_150,2026-07-19
BALKRISIND,Balkrishna Industries Ltd.,MIDCAP,True,NIFTY_MIDCAP_150,2026-07-19
BANKINDIA,Bank of India,MIDCAP,True,NIFTY_MIDCAP_150,2026-07-19
MAHABANK,Bank of Maharashtra,MIDCAP,True,NIFTY_MIDCAP_150,2026-07-19
BERGEPAINT,Berger Paints India Ltd.,MIDCAP,True,NIFTY_MIDCAP_150,2026-07-19
BDL,Bharat Dynamics Ltd.,MIDCAP,True,NIFTY_MIDCAP_150,2026-07-19
BHARATFORG,Bharat Forge Ltd.,MIDCAP,True,NIFTY_MIDCAP_150,2026-07-19
BHEL,Bharat Heavy Electricals Ltd.,MIDCAP,True,NIFTY_MIDCAP_150,2026-07-19
BHARTIHEXA,Bharti Hexacom Ltd.,MIDCAP,True,NIFTY_MIDCAP_150,2026-07-19
GROWW,Billionbrains Garage Ventures Ltd.,MIDCAP,True,NIFTY_MIDCAP_150,2026-07-19
BIOCON,Biocon Ltd.,MIDCAP,True,NIFTY_MIDCAP_150,2026-07-19
BLUESTARCO,Blue Star Ltd.,MIDCAP,True,NIFTY_MIDCAP_150,2026-07-19
CRISIL,CRISIL Ltd.,MIDCAP,True,NIFTY_MIDCAP_150,2026-07-19
COCHINSHIP,Cochin Shipyard Ltd.,MIDCAP,True,NIFTY_MIDCAP_150,2026-07-19
COFORGE,Coforge Ltd.,MIDCAP,True,NIFTY_MIDCAP_150,2026-07-19
COLPAL,Colgate Palmolive (India) Ltd.,MIDCAP,True,NIFTY_MIDCAP_150,2026-07-19
CONCOR,Container Corporation of India Ltd.,MIDCAP,True,NIFTY_MIDCAP_150,2026-07-19
COROMANDEL,Coromandel International Ltd.,MIDCAP,True,NIFTY_MIDCAP_150,2026-07-19
DABUR,Dabur India Ltd.,MIDCAP,True,NIFTY_MIDCAP_150,2026-07-19
DALBHARAT,Dalmia Bharat Ltd.,MIDCAP,True,NIFTY_MIDCAP_150,2026-07-19
DIXON,Dixon Technologies (India) Ltd.,MIDCAP,True,NIFTY_MIDCAP_150,2026-07-19
ENDURANCE,Endurance Technologies Ltd.,MIDCAP,True,NIFTY_MIDCAP_150,2026-07-19
ESCORTS,Escorts Kubota Ltd.,MIDCAP,True,NIFTY_MIDCAP_150,2026-07-19
EXIDEIND,Exide Industries Ltd.,MIDCAP,True,NIFTY_MIDCAP_150,2026-07-19
NYKAA,FSN E-Commerce Ventures Ltd.,MIDCAP,True,NIFTY_MIDCAP_150,2026-07-19
FEDERALBNK,Federal Bank Ltd.,MIDCAP,True,NIFTY_MIDCAP_150,2026-07-19
FORTIS,Fortis Healthcare Ltd.,MIDCAP,True,NIFTY_MIDCAP_150,2026-07-19
GVT&D,GE Vernova T&D India Ltd.,MIDCAP,True,NIFTY_MIDCAP_150,2026-07-19
GMRAIRPORT,GMR Airports Ltd.,MIDCAP,True,NIFTY_MIDCAP_150,2026-07-19
GICRE,General Insurance Corporation of India,MIDCAP,True,NIFTY_MIDCAP_150,2026-07-19
GLAXO,Glaxosmithkline Pharmaceuticals Ltd.,MIDCAP,True,NIFTY_MIDCAP_150,2026-07-19
GLENMARK,Glenmark Pharmaceuticals Ltd.,MIDCAP,True,NIFTY_MIDCAP_150,2026-07-19
MEDANTA,Global Health Ltd.,MIDCAP,True,NIFTY_MIDCAP_150,2026-07-19
GODFRYPHLP,Godfrey Phillips India Ltd.,MIDCAP,True,NIFTY_MIDCAP_150,2026-07-19
GODREJIND,Godrej Industries Ltd.,MIDCAP,True,NIFTY_MIDCAP_150,2026-07-19
GODREJPROP,Godrej Properties Ltd.,MIDCAP,True,NIFTY_MIDCAP_150,2026-07-19
FLUOROCHEM,Gujarat Fluorochemicals Ltd.,MIDCAP,True,NIFTY_MIDCAP_150,2026-07-19
HDBFS,HDB Financial Services Ltd.,MIDCAP,True,NIFTY_MIDCAP_150,2026-07-19
HAVELLS,Havells India Ltd.,MIDCAP,True,NIFTY_MIDCAP_150,2026-07-19
HEROMOTOCO,Hero MotoCorp Ltd.,MIDCAP,True,NIFTY_MIDCAP_150,2026-07-19
HEXT,Hexaware Technologies Ltd.,MIDCAP,True,NIFTY_MIDCAP_150,2026-07-19
HINDPETRO,Hindustan Petroleum Corporation Ltd.,MIDCAP,True,NIFTY_MIDCAP_150,2026-07-19
POWERINDIA,Hitachi Energy India Ltd.,MIDCAP,True,NIFTY_MIDCAP_150,2026-07-19
HONAUT,Honeywell Automation India Ltd.,MIDCAP,True,NIFTY_MIDCAP_150,2026-07-19
HUDCO,Housing & Urban Development Corporation Ltd.,MIDCAP,True,NIFTY_MIDCAP_150,2026-07-19
ICICIGI,ICICI Lombard General Insurance Company Ltd.,MIDCAP,True,NIFTY_MIDCAP_150,2026-07-19
ICICIAMC,ICICI Prudential Asset Management Company Ltd.,MIDCAP,True,NIFTY_MIDCAP_150,2026-07-19
ICICIPRULI,ICICI Prudential Life Insurance Company Ltd.,MIDCAP,True,NIFTY_MIDCAP_150,2026-07-19
IDFCFIRSTB,IDFC First Bank Ltd.,MIDCAP,True,NIFTY_MIDCAP_150,2026-07-19
ITCHOTELS,ITC Hotels Ltd.,MIDCAP,True,NIFTY_MIDCAP_150,2026-07-19
INDIANB,Indian Bank,MIDCAP,True,NIFTY_MIDCAP_150,2026-07-19
IRCTC,Indian Railway Catering And Tourism Corporation Ltd.,MIDCAP,True,NIFTY_MIDCAP_150,2026-07-19
IREDA,Indian Renewable Energy Development Agency Ltd.,MIDCAP,True,NIFTY_MIDCAP_150,2026-07-19
INDUSTOWER,Indus Towers Ltd.,MIDCAP,True,NIFTY_MIDCAP_150,2026-07-19
INDUSINDBK,IndusInd Bank Ltd.,MIDCAP,True,NIFTY_MIDCAP_150,2026-07-19
NAUKRI,Info Edge (India) Ltd.,MIDCAP,True,NIFTY_MIDCAP_150,2026-07-19
IPCALAB,Ipca Laboratories Ltd.,MIDCAP,True,NIFTY_MIDCAP_150,2026-07-19
JKCEMENT,J.K. Cement Ltd.,MIDCAP,True,NIFTY_MIDCAP_150,2026-07-19
JSWENERGY,JSW Energy Ltd.,MIDCAP,True,NIFTY_MIDCAP_150,2026-07-19
JSWINFRA,JSW Infrastructure Ltd.,MIDCAP,True,NIFTY_MIDCAP_150,2026-07-19
JSL,Jindal Stainless Ltd.,MIDCAP,True,NIFTY_MIDCAP_150,2026-07-19
JUBLFOOD,Jubilant Foodworks Ltd.,MIDCAP,True,NIFTY_MIDCAP_150,2026-07-19
KPRMILL,K.P.R. Mill Ltd.,MIDCAP,True,NIFTY_MIDCAP_150,2026-07-19
KEI,KEI Industries Ltd.,MIDCAP,True,NIFTY_MIDCAP_150,2026-07-19
KPITTECH,KPIT Technologies Ltd.,MIDCAP,True,NIFTY_MIDCAP_150,2026-07-19
KALYANKJIL,Kalyan Jewellers India Ltd.,MIDCAP,True,NIFTY_MIDCAP_150,2026-07-19
LTF,L&T Finance Ltd.,MIDCAP,True,NIFTY_MIDCAP_150,2026-07-19
LTTS,L&T Technology Services Ltd.,MIDCAP,True,NIFTY_MIDCAP_150,2026-07-19
LGEINDIA,LG Electronics India Ltd.,MIDCAP,True,NIFTY_MIDCAP_150,2026-07-19
LICHSGFIN,LIC Housing Finance Ltd.,MIDCAP,True,NIFTY_MIDCAP_150,2026-07-19
LAURUSLABS,Laurus Labs Ltd.,MIDCAP,True,NIFTY_MIDCAP_150,2026-07-19
LENSKART,Lenskart Solutions Ltd.,MIDCAP,True,NIFTY_MIDCAP_150,2026-07-19
LICI,Life Insurance Corporation of India,MIDCAP,True,NIFTY_MIDCAP_150,2026-07-19
LINDEINDIA,Linde India Ltd.,MIDCAP,True,NIFTY_MIDCAP_150,2026-07-19
LLOYDSME,Lloyds Metals And Energy Ltd.,MIDCAP,True,NIFTY_MIDCAP_150,2026-07-19
LUPIN,Lupin Ltd.,MIDCAP,True,NIFTY_MIDCAP_150,2026-07-19
MRF,MRF Ltd.,MIDCAP,True,NIFTY_MIDCAP_150,2026-07-19
M&MFIN,Mahindra & Mahindra Financial Services Ltd.,MIDCAP,True,NIFTY_MIDCAP_150,2026-07-19
MANKIND,Mankind Pharma Ltd.,MIDCAP,True,NIFTY_MIDCAP_150,2026-07-19
MARICO,Marico Ltd.,MIDCAP,True,NIFTY_MIDCAP_150,2026-07-19
MFSL,Max Financial Services Ltd.,MIDCAP,True,NIFTY_MIDCAP_150,2026-07-19
MOTILALOFS,Motilal Oswal Financial Services Ltd.,MIDCAP,True,NIFTY_MIDCAP_150,2026-07-19
MPHASIS,MphasiS Ltd.,MIDCAP,True,NIFTY_MIDCAP_150,2026-07-19
MCX,Multi Commodity Exchange of India Ltd.,MIDCAP,True,NIFTY_MIDCAP_150,2026-07-19
NHPC,NHPC Ltd.,MIDCAP,True,NIFTY_MIDCAP_150,2026-07-19
NLCINDIA,NLC India Ltd.,MIDCAP,True,NIFTY_MIDCAP_150,2026-07-19
NMDC,NMDC Ltd.,MIDCAP,True,NIFTY_MIDCAP_150,2026-07-19
NTPCGREEN,NTPC Green Energy Ltd.,MIDCAP,True,NIFTY_MIDCAP_150,2026-07-19
NATIONALUM,National Aluminium Co. Ltd.,MIDCAP,True,NIFTY_MIDCAP_150,2026-07-19
NAM-INDIA,Nippon Life India Asset Management Ltd.,MIDCAP,True,NIFTY_MIDCAP_150,2026-07-19
OBEROIRLTY,Oberoi Realty Ltd.,MIDCAP,True,NIFTY_MIDCAP_150,2026-07-19
OIL,Oil India Ltd.,MIDCAP,True,NIFTY_MIDCAP_150,2026-07-19
PAYTM,One 97 Communications Ltd.,MIDCAP,True,NIFTY_MIDCAP_150,2026-07-19
OFSS,Oracle Financial Services Software Ltd.,MIDCAP,True,NIFTY_MIDCAP_150,2026-07-19
POLICYBZR,PB Fintech Ltd.,MIDCAP,True,NIFTY_MIDCAP_150,2026-07-19
PIIND,PI Industries Ltd.,MIDCAP,True,NIFTY_MIDCAP_150,2026-07-19
PAGEIND,Page Industries Ltd.,MIDCAP,True,NIFTY_MIDCAP_150,2026-07-19
PATANJALI,Patanjali Foods Ltd.,MIDCAP,True,NIFTY_MIDCAP_150,2026-07-19
PERSISTENT,Persistent Systems Ltd.,MIDCAP,True,NIFTY_MIDCAP_150,2026-07-19
PETRONET,Petronet LNG Ltd.,MIDCAP,True,NIFTY_MIDCAP_150,2026-07-19
PHOENIXLTD,Phoenix Mills Ltd.,MIDCAP,True,NIFTY_MIDCAP_150,2026-07-19
POLYCAB,Polycab India Ltd.,MIDCAP,True,NIFTY_MIDCAP_150,2026-07-19
PREMIERENE,Premier Energies Ltd.,MIDCAP,True,NIFTY_MIDCAP_150,2026-07-19
PRESTIGE,Prestige Estates Projects Ltd.,MIDCAP,True,NIFTY_MIDCAP_150,2026-07-19
RADICO,Radico Khaitan Ltd,MIDCAP,True,NIFTY_MIDCAP_150,2026-07-19
RVNL,Rail Vikas Nigam Ltd.,MIDCAP,True,NIFTY_MIDCAP_150,2026-07-19
SBICARD,SBI Cards and Payment Services Ltd.,MIDCAP,True,NIFTY_MIDCAP_150,2026-07-19
SJVN,SJVN Ltd.,MIDCAP,True,NIFTY_MIDCAP_150,2026-07-19
SRF,SRF Ltd.,MIDCAP,True,NIFTY_MIDCAP_150,2026-07-19
SCHAEFFLER,Schaeffler India Ltd.,MIDCAP,True,NIFTY_MIDCAP_150,2026-07-19
SAIL,Steel Authority of India Ltd.,MIDCAP,True,NIFTY_MIDCAP_150,2026-07-19
SUNDARMFIN,Sundaram Finance Ltd.,MIDCAP,True,NIFTY_MIDCAP_150,2026-07-19
SUPREMEIND,Supreme Industries Ltd.,MIDCAP,True,NIFTY_MIDCAP_150,2026-07-19
SUZLON,Suzlon Energy Ltd.,MIDCAP,True,NIFTY_MIDCAP_150,2026-07-19
SWIGGY,Swiggy Ltd.,MIDCAP,True,NIFTY_MIDCAP_150,2026-07-19
TATACOMM,Tata Communications Ltd.,MIDCAP,True,NIFTY_MIDCAP_150,2026-07-19
TATAELXSI,Tata Elxsi Ltd.,MIDCAP,True,NIFTY_MIDCAP_150,2026-07-19
TATAINVEST,Tata Investment Corporation Ltd.,MIDCAP,True,NIFTY_MIDCAP_150,2026-07-19
NIACL,The New India Assurance Company Ltd.,MIDCAP,True,NIFTY_MIDCAP_150,2026-07-19
THERMAX,Thermax Ltd.,MIDCAP,True,NIFTY_MIDCAP_150,2026-07-19
TORNTPOWER,Torrent Power Ltd.,MIDCAP,True,NIFTY_MIDCAP_150,2026-07-19
TIINDIA,Tube Investments of India Ltd.,MIDCAP,True,NIFTY_MIDCAP_150,2026-07-19
UNOMINDA,UNO Minda Ltd.,MIDCAP,True,NIFTY_MIDCAP_150,2026-07-19
UPL,UPL Ltd.,MIDCAP,True,NIFTY_MIDCAP_150,2026-07-19
UBL,United Breweries Ltd.,MIDCAP,True,NIFTY_MIDCAP_150,2026-07-19
VMM,Vishal Mega Mart Ltd.,MIDCAP,True,NIFTY_MIDCAP_150,2026-07-19
IDEA,Vodafone Idea Ltd.,MIDCAP,True,NIFTY_MIDCAP_150,2026-07-19
VOLTAS,Voltas Ltd.,MIDCAP,True,NIFTY_MIDCAP_150,2026-07-19
WAAREEENER,Waaree Energies Ltd.,MIDCAP,True,NIFTY_MIDCAP_150,2026-07-19
YESBANK,Yes Bank Ltd.,MIDCAP,True,NIFTY_MIDCAP_150,2026-07-19
ACMESOLAR,ACME Solar Holdings Ltd.,SMALLCAP,True,NIFTY_SMALLCAP_250,2026-07-19
AADHARHFC,Aadhar Housing Finance Ltd.,SMALLCAP,True,NIFTY_SMALLCAP_250,2026-07-19
AARTIIND,Aarti Industries Ltd.,SMALLCAP,True,NIFTY_SMALLCAP_250,2026-07-19
AAVAS,Aavas Financiers Ltd.,SMALLCAP,True,NIFTY_SMALLCAP_250,2026-07-19
ACE,Action Construction Equipment Ltd.,SMALLCAP,True,NIFTY_SMALLCAP_250,2026-07-19
ACUTAAS,Acutaas Chemicals Ltd.,SMALLCAP,True,NIFTY_SMALLCAP_250,2026-07-19
ABFRL,Aditya Birla Fashion and Retail Ltd.,SMALLCAP,True,NIFTY_SMALLCAP_250,2026-07-19
ABLBL,Aditya Birla Lifestyle Brands Ltd.,SMALLCAP,True,NIFTY_SMALLCAP_250,2026-07-19
ABREL,Aditya Birla Real Estate Ltd.,SMALLCAP,True,NIFTY_SMALLCAP_250,2026-07-19
ABSLAMC,Aditya Birla Sun Life AMC Ltd.,SMALLCAP,True,NIFTY_SMALLCAP_250,2026-07-19
CPPLUS,Aditya Infotech Ltd.,SMALLCAP,True,NIFTY_SMALLCAP_250,2026-07-19
AEGISLOG,Aegis Logistics Ltd.,SMALLCAP,True,NIFTY_SMALLCAP_250,2026-07-19
AEGISVOPAK,Aegis Vopak Terminals Ltd.,SMALLCAP,True,NIFTY_SMALLCAP_250,2026-07-19
AFCONS,Afcons Infrastructure Ltd.,SMALLCAP,True,NIFTY_SMALLCAP_250,2026-07-19
AFFLE,Affle 3i Ltd.,SMALLCAP,True,NIFTY_SMALLCAP_250,2026-07-19
ABDL,Allied Blenders and Distillers Ltd.,SMALLCAP,True,NIFTY_SMALLCAP_250,2026-07-19
ARE&M,Amara Raja Energy & Mobility Ltd.,SMALLCAP,True,NIFTY_SMALLCAP_250,2026-07-19
AMBER,Amber Enterprises India Ltd.,SMALLCAP,True,NIFTY_SMALLCAP_250,2026-07-19
ANANDRATHI,Anand Rathi Wealth Ltd.,SMALLCAP,True,NIFTY_SMALLCAP_250,2026-07-19
ANANTRAJ,Anant Raj Ltd.,SMALLCAP,True,NIFTY_SMALLCAP_250,2026-07-19
ANGELONE,Angel One Ltd.,SMALLCAP,True,NIFTY_SMALLCAP_250,2026-07-19
ANURAS,Anupam Rasayan India Ltd.,SMALLCAP,True,NIFTY_SMALLCAP_250,2026-07-19
APTUS,Aptus Value Housing Finance India Ltd.,SMALLCAP,True,NIFTY_SMALLCAP_250,2026-07-19
ASAHIINDIA,Asahi India Glass Ltd.,SMALLCAP,True,NIFTY_SMALLCAP_250,2026-07-19
ASTERDM,Aster DM Healthcare Ltd.,SMALLCAP,True,NIFTY_SMALLCAP_250,2026-07-19
ATHERENERG,Ather Energy Ltd.,SMALLCAP,True,NIFTY_SMALLCAP_250,2026-07-19
ATUL,Atul Ltd.,SMALLCAP,True,NIFTY_SMALLCAP_250,2026-07-19
BEML,BEML Ltd.,SMALLCAP,True,NIFTY_SMALLCAP_250,2026-07-19
BLS,BLS International Services Ltd.,SMALLCAP,True,NIFTY_SMALLCAP_250,2026-07-19
BALRAMCHIN,Balrampur Chini Mills Ltd.,SMALLCAP,True,NIFTY_SMALLCAP_250,2026-07-19
BANDHANBNK,Bandhan Bank Ltd.,SMALLCAP,True,NIFTY_SMALLCAP_250,2026-07-19
BATAINDIA,Bata India Ltd.,SMALLCAP,True,NIFTY_SMALLCAP_250,2026-07-19
BAYERCROP,Bayer Cropscience Ltd.,SMALLCAP,True,NIFTY_SMALLCAP_250,2026-07-19
BELRISE,Belrise Industries Ltd.,SMALLCAP,True,NIFTY_SMALLCAP_250,2026-07-19
BIKAJI,Bikaji Foods International Ltd.,SMALLCAP,True,NIFTY_SMALLCAP_250,2026-07-19
BSOFT,Birlasoft Ltd.,SMALLCAP,True,NIFTY_SMALLCAP_250,2026-07-19
BLUEDART,Blue Dart Express Ltd.,SMALLCAP,True,NIFTY_SMALLCAP_250,2026-07-19
BLUEJET,Blue Jet Healthcare Ltd.,SMALLCAP,True,NIFTY_SMALLCAP_250,2026-07-19
BBTC,Bombay Burmah Trading Corporation Ltd.,SMALLCAP,True,NIFTY_SMALLCAP_250,2026-07-19
FIRSTCRY,Brainbees Solutions Ltd.,SMALLCAP,True,NIFTY_SMALLCAP_250,2026-07-19
BRIGADE,Brigade Enterprises Ltd.,SMALLCAP,True,NIFTY_SMALLCAP_250,2026-07-19
MAPMYINDIA,C.E. Info Systems Ltd.,SMALLCAP,True,NIFTY_SMALLCAP_250,2026-07-19
CCL,CCL Products (I) Ltd.,SMALLCAP,True,NIFTY_SMALLCAP_250,2026-07-19
CESC,CESC Ltd.,SMALLCAP,True,NIFTY_SMALLCAP_250,2026-07-19
CIEINDIA,CIE Automotive India Ltd.,SMALLCAP,True,NIFTY_SMALLCAP_250,2026-07-19
CANFINHOME,Can Fin Homes Ltd.,SMALLCAP,True,NIFTY_SMALLCAP_250,2026-07-19
CANHLIFE,Canara HSBC Life Insurance Company Ltd.,SMALLCAP,True,NIFTY_SMALLCAP_250,2026-07-19
CAPLIPOINT,Caplin Point Laboratories Ltd.,SMALLCAP,True,NIFTY_SMALLCAP_250,2026-07-19
CGCL,Capri Global Capital Ltd.,SMALLCAP,True,NIFTY_SMALLCAP_250,2026-07-19
CARBORUNIV,Carborundum Universal Ltd.,SMALLCAP,True,NIFTY_SMALLCAP_250,2026-07-19
CARTRADE,Cartrade Tech Ltd.,SMALLCAP,True,NIFTY_SMALLCAP_250,2026-07-19
CASTROLIND,Castrol India Ltd.,SMALLCAP,True,NIFTY_SMALLCAP_250,2026-07-19
CEATLTD,Ceat Ltd.,SMALLCAP,True,NIFTY_SMALLCAP_250,2026-07-19
CEMPRO,Cemindia Projects Ltd.,SMALLCAP,True,NIFTY_SMALLCAP_250,2026-07-19
CENTRALBK,Central Bank of India,SMALLCAP,True,NIFTY_SMALLCAP_250,2026-07-19
CDSL,Central Depository Services (India) Ltd.,SMALLCAP,True,NIFTY_SMALLCAP_250,2026-07-19
CHALET,Chalet Hotels Ltd.,SMALLCAP,True,NIFTY_SMALLCAP_250,2026-07-19
CHAMBLFERT,Chambal Fertilizers & Chemicals Ltd.,SMALLCAP,True,NIFTY_SMALLCAP_250,2026-07-19
CHENNPETRO,Chennai Petroleum Corporation Ltd.,SMALLCAP,True,NIFTY_SMALLCAP_250,2026-07-19
CHOICEIN,Choice International Ltd.,SMALLCAP,True,NIFTY_SMALLCAP_250,2026-07-19
CHOLAHLDNG,Cholamandalam Financial Holdings Ltd.,SMALLCAP,True,NIFTY_SMALLCAP_250,2026-07-19
CUB,City Union Bank Ltd.,SMALLCAP,True,NIFTY_SMALLCAP_250,2026-07-19
CLEAN,Clean Science and Technology Ltd.,SMALLCAP,True,NIFTY_SMALLCAP_250,2026-07-19
COHANCE,Cohance Lifesciences Ltd.,SMALLCAP,True,NIFTY_SMALLCAP_250,2026-07-19
CAMS,Computer Age Management Services Ltd.,SMALLCAP,True,NIFTY_SMALLCAP_250,2026-07-19
CONCORDBIO,Concord Biotech Ltd.,SMALLCAP,True,NIFTY_SMALLCAP_250,2026-07-19
CRAFTSMAN,Craftsman Automation Ltd.,SMALLCAP,True,NIFTY_SMALLCAP_250,2026-07-19
CREDITACC,CreditAccess Grameen Ltd.,SMALLCAP,True,NIFTY_SMALLCAP_250,2026-07-19
CROMPTON,Crompton Greaves Consumer Electricals Ltd.,SMALLCAP,True,NIFTY_SMALLCAP_250,2026-07-19
CYIENT,Cyient Ltd.,SMALLCAP,True,NIFTY_SMALLCAP_250,2026-07-19
DCMSHRIRAM,DCM Shriram Ltd.,SMALLCAP,True,NIFTY_SMALLCAP_250,2026-07-19
DOMS,DOMS Industries Ltd.,SMALLCAP,True,NIFTY_SMALLCAP_250,2026-07-19
DATAPATTNS,Data Patterns (India) Ltd.,SMALLCAP,True,NIFTY_SMALLCAP_250,2026-07-19
DEEPAKFERT,Deepak Fertilisers & Petrochemicals Corp. Ltd.,SMALLCAP,True,NIFTY_SMALLCAP_250,2026-07-19
DEEPAKNTR,Deepak Nitrite Ltd.,SMALLCAP,True,NIFTY_SMALLCAP_250,2026-07-19
DELHIVERY,Delhivery Ltd.,SMALLCAP,True,NIFTY_SMALLCAP_250,2026-07-19
DEVYANI,Devyani International Ltd.,SMALLCAP,True,NIFTY_SMALLCAP_250,2026-07-19
LALPATHLAB,Dr. Lal Path Labs Ltd.,SMALLCAP,True,NIFTY_SMALLCAP_250,2026-07-19
EIDPARRY,E.I.D. Parry (India) Ltd.,SMALLCAP,True,NIFTY_SMALLCAP_250,2026-07-19
EIHOTEL,EIH Ltd.,SMALLCAP,True,NIFTY_SMALLCAP_250,2026-07-19
ELECON,Elecon Engineering Co. Ltd.,SMALLCAP,True,NIFTY_SMALLCAP_250,2026-07-19
ELGIEQUIP,Elgi Equipments Ltd.,SMALLCAP,True,NIFTY_SMALLCAP_250,2026-07-19
EMAMILTD,Emami Ltd.,SMALLCAP,True,NIFTY_SMALLCAP_250,2026-07-19
EMCURE,Emcure Pharmaceuticals Ltd.,SMALLCAP,True,NIFTY_SMALLCAP_250,2026-07-19
EMMVEE,Emmvee Photovoltaic Power Ltd.,SMALLCAP,True,NIFTY_SMALLCAP_250,2026-07-19
ENGINERSIN,Engineers India Ltd.,SMALLCAP,True,NIFTY_SMALLCAP_250,2026-07-19
ERIS,Eris Lifesciences Ltd.,SMALLCAP,True,NIFTY_SMALLCAP_250,2026-07-19
FACT,Fertilisers and Chemicals Travancore Ltd.,SMALLCAP,True,NIFTY_SMALLCAP_250,2026-07-19
FINCABLES,Finolex Cables Ltd.,SMALLCAP,True,NIFTY_SMALLCAP_250,2026-07-19
FSL,Firstsource Solutions Ltd.,SMALLCAP,True,NIFTY_SMALLCAP_250,2026-07-19
FIVESTAR,Five-Star Business Finance Ltd.,SMALLCAP,True,NIFTY_SMALLCAP_250,2026-07-19
FORCEMOT,Force Motors Ltd.,SMALLCAP,True,NIFTY_SMALLCAP_250,2026-07-19
GABRIEL,Gabriel India Ltd.,SMALLCAP,True,NIFTY_SMALLCAP_250,2026-07-19
GALLANTT,Gallantt Ispat Ltd.,SMALLCAP,True,NIFTY_SMALLCAP_250,2026-07-19
GRSE,Garden Reach Shipbuilders & Engineers Ltd.,SMALLCAP,True,NIFTY_SMALLCAP_250,2026-07-19
GILLETTE,Gillette India Ltd.,SMALLCAP,True,NIFTY_SMALLCAP_250,2026-07-19
GLAND,Gland Pharma Ltd.,SMALLCAP,True,NIFTY_SMALLCAP_250,2026-07-19
GODIGIT,Go Digit General Insurance Ltd.,SMALLCAP,True,NIFTY_SMALLCAP_250,2026-07-19
GPIL,Godawari Power & Ispat Ltd.,SMALLCAP,True,NIFTY_SMALLCAP_250,2026-07-19
GRANULES,Granules India Ltd.,SMALLCAP,True,NIFTY_SMALLCAP_250,2026-07-19
GRAPHITE,Graphite India Ltd.,SMALLCAP,True,NIFTY_SMALLCAP_250,2026-07-19
GRAVITA,Gravita India Ltd.,SMALLCAP,True,NIFTY_SMALLCAP_250,2026-07-19
GESHIP,Great Eastern Shipping Co. Ltd.,SMALLCAP,True,NIFTY_SMALLCAP_250,2026-07-19
GMDCLTD,Gujarat Mineral Development Corporation Ltd.,SMALLCAP,True,NIFTY_SMALLCAP_250,2026-07-19
HEG,H.E.G. Ltd.,SMALLCAP,True,NIFTY_SMALLCAP_250,2026-07-19
HBLENGINE,HBL Engineering Ltd.,SMALLCAP,True,NIFTY_SMALLCAP_250,2026-07-19
HFCL,HFCL Ltd.,SMALLCAP,True,NIFTY_SMALLCAP_250,2026-07-19
HSCL,Himadri Speciality Chemical Ltd.,SMALLCAP,True,NIFTY_SMALLCAP_250,2026-07-19
HINDCOPPER,Hindustan Copper Ltd.,SMALLCAP,True,NIFTY_SMALLCAP_250,2026-07-19
HOMEFIRST,Home First Finance Company India Ltd.,SMALLCAP,True,NIFTY_SMALLCAP_250,2026-07-19
HONASA,Honasa Consumer Ltd.,SMALLCAP,True,NIFTY_SMALLCAP_250,2026-07-19
IDBI,IDBI Bank Ltd.,SMALLCAP,True,NIFTY_SMALLCAP_250,2026-07-19
IFCI,IFCI Ltd.,SMALLCAP,True,NIFTY_SMALLCAP_250,2026-07-19
IIFL,IIFL Finance Ltd.,SMALLCAP,True,NIFTY_SMALLCAP_250,2026-07-19
IRB,IRB Infrastructure Developers Ltd.,SMALLCAP,True,NIFTY_SMALLCAP_250,2026-07-19
IRCON,IRCON International Ltd.,SMALLCAP,True,NIFTY_SMALLCAP_250,2026-07-19
ITI,ITI Ltd.,SMALLCAP,True,NIFTY_SMALLCAP_250,2026-07-19
INDGN,Indegene Ltd.,SMALLCAP,True,NIFTY_SMALLCAP_250,2026-07-19
INDIACEM,India Cements Ltd.,SMALLCAP,True,NIFTY_SMALLCAP_250,2026-07-19
INDIAMART,Indiamart Intermesh Ltd.,SMALLCAP,True,NIFTY_SMALLCAP_250,2026-07-19
IEX,Indian Energy Exchange Ltd.,SMALLCAP,True,NIFTY_SMALLCAP_250,2026-07-19
IOB,Indian Overseas Bank,SMALLCAP,True,NIFTY_SMALLCAP_250,2026-07-19
IGL,Indraprastha Gas Ltd.,SMALLCAP,True,NIFTY_SMALLCAP_250,2026-07-19
INOXWIND,Inox Wind Ltd.,SMALLCAP,True,NIFTY_SMALLCAP_250,2026-07-19
INTELLECT,Intellect Design Arena Ltd.,SMALLCAP,True,NIFTY_SMALLCAP_250,2026-07-19
IGIL,International Gemological Institute Ltd.,SMALLCAP,True,NIFTY_SMALLCAP_250,2026-07-19
IKS,Inventurus Knowledge Solutions Ltd.,SMALLCAP,True,NIFTY_SMALLCAP_250,2026-07-19
JBMA,JBM Auto Ltd.,SMALLCAP,True,NIFTY_SMALLCAP_250,2026-07-19
JKTYRE,JK Tyre & Industries Ltd.,SMALLCAP,True,NIFTY_SMALLCAP_250,2026-07-19
JMFINANCIL,JM Financial Ltd.,SMALLCAP,True,NIFTY_SMALLCAP_250,2026-07-19
JSWCEMENT,JSW Cement Ltd.,SMALLCAP,True,NIFTY_SMALLCAP_250,2026-07-19
JSWDULUX,JSW Dulux Ltd.,SMALLCAP,True,NIFTY_SMALLCAP_250,2026-07-19
JAINREC,Jain Resource Recycling Ltd.,SMALLCAP,True,NIFTY_SMALLCAP_250,2026-07-19
JPPOWER,Jaiprakash Power Ventures Ltd.,SMALLCAP,True,NIFTY_SMALLCAP_250,2026-07-19
J&KBANK,Jammu & Kashmir Bank Ltd.,SMALLCAP,True,NIFTY_SMALLCAP_250,2026-07-19
JINDALSAW,Jindal Saw Ltd.,SMALLCAP,True,NIFTY_SMALLCAP_250,2026-07-19
JUBLINGREA,Jubilant Ingrevia Ltd.,SMALLCAP,True,NIFTY_SMALLCAP_250,2026-07-19
JUBLPHARMA,Jubilant Pharmova Ltd.,SMALLCAP,True,NIFTY_SMALLCAP_250,2026-07-19
JWL,Jupiter Wagons Ltd.,SMALLCAP,True,NIFTY_SMALLCAP_250,2026-07-19
JYOTICNC,Jyoti CNC Automation Ltd.,SMALLCAP,True,NIFTY_SMALLCAP_250,2026-07-19
KAJARIACER,Kajaria Ceramics Ltd.,SMALLCAP,True,NIFTY_SMALLCAP_250,2026-07-19
KPIL,Kalpataru Projects International Ltd.,SMALLCAP,True,NIFTY_SMALLCAP_250,2026-07-19
KARURVYSYA,Karur Vysya Bank Ltd.,SMALLCAP,True,NIFTY_SMALLCAP_250,2026-07-19
KAYNES,Kaynes Technology India Ltd.,SMALLCAP,True,NIFTY_SMALLCAP_250,2026-07-19
KEC,Kec International Ltd.,SMALLCAP,True,NIFTY_SMALLCAP_250,2026-07-19
KFINTECH,Kfin Technologies Ltd.,SMALLCAP,True,NIFTY_SMALLCAP_250,2026-07-19
KIRLOSENG,Kirloskar Oil Eng Ltd.,SMALLCAP,True,NIFTY_SMALLCAP_250,2026-07-19
KIMS,Krishna Institute of Medical Sciences Ltd.,SMALLCAP,True,NIFTY_SMALLCAP_250,2026-07-19
LTFOODS,LT Foods Ltd.,SMALLCAP,True,NIFTY_SMALLCAP_250,2026-07-19
LATENTVIEW,Latent View Analytics Ltd.,SMALLCAP,True,NIFTY_SMALLCAP_250,2026-07-19
THELEELA,Leela Palaces Hotels & Resorts Ltd.,SMALLCAP,True,NIFTY_SMALLCAP_250,2026-07-19
LEMONTREE,Lemon Tree Hotels Ltd.,SMALLCAP,True,NIFTY_SMALLCAP_250,2026-07-19
MMTC,MMTC Ltd.,SMALLCAP,True,NIFTY_SMALLCAP_250,2026-07-19
MGL,Mahanagar Gas Ltd.,SMALLCAP,True,NIFTY_SMALLCAP_250,2026-07-19
MANAPPURAM,Manappuram Finance Ltd.,SMALLCAP,True,NIFTY_SMALLCAP_250,2026-07-19
MRPL,Mangalore Refinery & Petrochemicals Ltd.,SMALLCAP,True,NIFTY_SMALLCAP_250,2026-07-19
MEESHO,Meesho Ltd.,SMALLCAP,True,NIFTY_SMALLCAP_250,2026-07-19
MINDACORP,Minda Corporation Ltd.,SMALLCAP,True,NIFTY_SMALLCAP_250,2026-07-19
MSUMI,Motherson Sumi Wiring India Ltd.,SMALLCAP,True,NIFTY_SMALLCAP_250,2026-07-19
NATCOPHARM,NATCO Pharma Ltd.,SMALLCAP,True,NIFTY_SMALLCAP_250,2026-07-19
NBCC,NBCC (India) Ltd.,SMALLCAP,True,NIFTY_SMALLCAP_250,2026-07-19
NCC,NCC Ltd.,SMALLCAP,True,NIFTY_SMALLCAP_250,2026-07-19
NSLNISP,NMDC Steel Ltd.,SMALLCAP,True,NIFTY_SMALLCAP_250,2026-07-19
NH,Narayana Hrudayalaya Ltd.,SMALLCAP,True,NIFTY_SMALLCAP_250,2026-07-19
NAVA,Nava Ltd.,SMALLCAP,True,NIFTY_SMALLCAP_250,2026-07-19
NAVINFLUOR,Navin Fluorine International Ltd.,SMALLCAP,True,NIFTY_SMALLCAP_250,2026-07-19
NETWEB,Netweb Technologies India Ltd.,SMALLCAP,True,NIFTY_SMALLCAP_250,2026-07-19
NEULANDLAB,Neuland Laboratories Ltd.,SMALLCAP,True,NIFTY_SMALLCAP_250,2026-07-19
NEWGEN,Newgen Software Technologies Ltd.,SMALLCAP,True,NIFTY_SMALLCAP_250,2026-07-19
NIVABUPA,Niva Bupa Health Insurance Company Ltd.,SMALLCAP,True,NIFTY_SMALLCAP_250,2026-07-19
NUVAMA,Nuvama Wealth Management Ltd.,SMALLCAP,True,NIFTY_SMALLCAP_250,2026-07-19
NUVOCO,Nuvoco Vistas Corporation Ltd.,SMALLCAP,True,NIFTY_SMALLCAP_250,2026-07-19
OLAELEC,Ola Electric Mobility Ltd.,SMALLCAP,True,NIFTY_SMALLCAP_250,2026-07-19
OLECTRA,Olectra Greentech Ltd.,SMALLCAP,True,NIFTY_SMALLCAP_250,2026-07-19
ONESOURCE,Onesource Specialty Pharma Ltd.,SMALLCAP,True,NIFTY_SMALLCAP_250,2026-07-19
PCBL,PCBL Chemical Ltd.,SMALLCAP,True,NIFTY_SMALLCAP_250,2026-07-19
PGEL,PG Electroplast Ltd.,SMALLCAP,True,NIFTY_SMALLCAP_250,2026-07-19
PNBHOUSING,PNB Housing Finance Ltd.,SMALLCAP,True,NIFTY_SMALLCAP_250,2026-07-19
PTCIL,PTC Industries Ltd.,SMALLCAP,True,NIFTY_SMALLCAP_250,2026-07-19
PVRINOX,PVR INOX Ltd.,SMALLCAP,True,NIFTY_SMALLCAP_250,2026-07-19
PARADEEP,Paradeep Phosphates Ltd.,SMALLCAP,True,NIFTY_SMALLCAP_250,2026-07-19
PFIZER,Pfizer Ltd.,SMALLCAP,True,NIFTY_SMALLCAP_250,2026-07-19
PWL,Physicswallah Ltd.,SMALLCAP,True,NIFTY_SMALLCAP_250,2026-07-19
PINELABS,Pine Labs Ltd.,SMALLCAP,True,NIFTY_SMALLCAP_250,2026-07-19
PIRAMALFIN,Piramal Finance Ltd.,SMALLCAP,True,NIFTY_SMALLCAP_250,2026-07-19
PPLPHARMA,Piramal Pharma Ltd.,SMALLCAP,True,NIFTY_SMALLCAP_250,2026-07-19
POLYMED,Poly Medicure Ltd.,SMALLCAP,True,NIFTY_SMALLCAP_250,2026-07-19
POONAWALLA,Poonawalla Fincorp Ltd.,SMALLCAP,True,NIFTY_SMALLCAP_250,2026-07-19
PFOCUS,Prime Focus Ltd.,SMALLCAP,True,NIFTY_SMALLCAP_250,2026-07-19
RRKABEL,R R Kabel Ltd.,SMALLCAP,True,NIFTY_SMALLCAP_250,2026-07-19
RBLBANK,RBL Bank Ltd.,SMALLCAP,True,NIFTY_SMALLCAP_250,2026-07-19
RHIM,RHI MAGNESITA INDIA LTD.,SMALLCAP,True,NIFTY_SMALLCAP_250,2026-07-19
RITES,RITES Ltd.,SMALLCAP,True,NIFTY_SMALLCAP_250,2026-07-19
RAILTEL,Railtel Corporation Of India Ltd.,SMALLCAP,True,NIFTY_SMALLCAP_250,2026-07-19
RAINBOW,Rainbow Childrens Medicare Ltd.,SMALLCAP,True,NIFTY_SMALLCAP_250,2026-07-19
RKFORGE,Ramkrishna Forgings Ltd.,SMALLCAP,True,NIFTY_SMALLCAP_250,2026-07-19
REDINGTON,Redington Ltd.,SMALLCAP,True,NIFTY_SMALLCAP_250,2026-07-19
RPOWER,Reliance Power Ltd.,SMALLCAP,True,NIFTY_SMALLCAP_250,2026-07-19
SBFC,SBFC Finance Ltd.,SMALLCAP,True,NIFTY_SMALLCAP_250,2026-07-19
SAGILITY,Sagility Ltd.,SMALLCAP,True,NIFTY_SMALLCAP_250,2026-07-19
SAILIFE,Sai Life Sciences Ltd.,SMALLCAP,True,NIFTY_SMALLCAP_250,2026-07-19
SAMMAANCAP,Sammaan Capital Ltd.,SMALLCAP,True,NIFTY_SMALLCAP_250,2026-07-19
SAPPHIRE,Sapphire Foods India Ltd.,SMALLCAP,True,NIFTY_SMALLCAP_250,2026-07-19
SARDAEN,Sarda Energy and Minerals Ltd.,SMALLCAP,True,NIFTY_SMALLCAP_250,2026-07-19
SAREGAMA,Saregama India Ltd,SMALLCAP,True,NIFTY_SMALLCAP_250,2026-07-19
SCHNEIDER,Schneider Electric Infrastructure Ltd.,SMALLCAP,True,NIFTY_SMALLCAP_250,2026-07-19
SCI,Shipping Corporation of India Ltd.,SMALLCAP,True,NIFTY_SMALLCAP_250,2026-07-19
SHYAMMETL,Shyam Metalics and Energy Ltd.,SMALLCAP,True,NIFTY_SMALLCAP_250,2026-07-19
SIGNATURE,Signatureglobal (India) Ltd.,SMALLCAP,True,NIFTY_SMALLCAP_250,2026-07-19
SOBHA,Sobha Ltd.,SMALLCAP,True,NIFTY_SMALLCAP_250,2026-07-19
SONACOMS,Sona BLW Precision Forgings Ltd.,SMALLCAP,True,NIFTY_SMALLCAP_250,2026-07-19
SONATSOFTW,Sonata Software Ltd.,SMALLCAP,True,NIFTY_SMALLCAP_250,2026-07-19
STARHEALTH,Star Health and Allied Insurance Company Ltd.,SMALLCAP,True,NIFTY_SMALLCAP_250,2026-07-19
SUMICHEM,Sumitomo Chemical India Ltd.,SMALLCAP,True,NIFTY_SMALLCAP_250,2026-07-19
SUNTV,Sun TV Network Ltd.,SMALLCAP,True,NIFTY_SMALLCAP_250,2026-07-19
SPLPETRO,Supreme Petrochem Ltd.,SMALLCAP,True,NIFTY_SMALLCAP_250,2026-07-19
SWANCORP,Swan Corp Ltd.,SMALLCAP,True,NIFTY_SMALLCAP_250,2026-07-19
SYNGENE,Syngene International Ltd.,SMALLCAP,True,NIFTY_SMALLCAP_250,2026-07-19
SYRMA,Syrma SGS Technology Ltd.,SMALLCAP,True,NIFTY_SMALLCAP_250,2026-07-19
TBOTEK,TBO Tek Ltd.,SMALLCAP,True,NIFTY_SMALLCAP_250,2026-07-19
TATACHEM,Tata Chemicals Ltd.,SMALLCAP,True,NIFTY_SMALLCAP_250,2026-07-19
TATATECH,Tata Technologies Ltd.,SMALLCAP,True,NIFTY_SMALLCAP_250,2026-07-19
TTML,Tata Teleservices (Maharashtra) Ltd.,SMALLCAP,True,NIFTY_SMALLCAP_250,2026-07-19
TECHNOE,Techno Electric & Engineering Company Ltd.,SMALLCAP,True,NIFTY_SMALLCAP_250,2026-07-19
TEGA,Tega Industries Ltd.,SMALLCAP,True,NIFTY_SMALLCAP_250,2026-07-19
TEJASNET,Tejas Networks Ltd.,SMALLCAP,True,NIFTY_SMALLCAP_250,2026-07-19
TENNIND,Tenneco Clean Air India Ltd.,SMALLCAP,True,NIFTY_SMALLCAP_250,2026-07-19
RAMCOCEM,The Ramco Cements Ltd.,SMALLCAP,True,NIFTY_SMALLCAP_250,2026-07-19
TIMKEN,Timken India Ltd.,SMALLCAP,True,NIFTY_SMALLCAP_250,2026-07-19
TITAGARH,Titagarh Rail Systems Ltd.,SMALLCAP,True,NIFTY_SMALLCAP_250,2026-07-19
TARIL,Transformers And Rectifiers (India) Ltd.,SMALLCAP,True,NIFTY_SMALLCAP_250,2026-07-19
TRAVELFOOD,Travel Food Services Ltd.,SMALLCAP,True,NIFTY_SMALLCAP_250,2026-07-19
TRIDENT,Trident Ltd.,SMALLCAP,True,NIFTY_SMALLCAP_250,2026-07-19
TRITURBINE,Triveni Turbine Ltd.,SMALLCAP,True,NIFTY_SMALLCAP_250,2026-07-19
UCOBANK,UCO Bank,SMALLCAP,True,NIFTY_SMALLCAP_250,2026-07-19
UTIAMC,UTI Asset Management Company Ltd.,SMALLCAP,True,NIFTY_SMALLCAP_250,2026-07-19
URBANCO,Urban Company Ltd.,SMALLCAP,True,NIFTY_SMALLCAP_250,2026-07-19
USHAMART,Usha Martin Ltd.,SMALLCAP,True,NIFTY_SMALLCAP_250,2026-07-19
VTL,Vardhman Textiles Ltd.,SMALLCAP,True,NIFTY_SMALLCAP_250,2026-07-19
VIJAYA,Vijaya Diagnostic Centre Ltd.,SMALLCAP,True,NIFTY_SMALLCAP_250,2026-07-19
WELCORP,Welspun Corp Ltd.,SMALLCAP,True,NIFTY_SMALLCAP_250,2026-07-19
WELSPUNLIV,Welspun Living Ltd.,SMALLCAP,True,NIFTY_SMALLCAP_250,2026-07-19
WHIRLPOOL,Whirlpool of India Ltd.,SMALLCAP,True,NIFTY_SMALLCAP_250,2026-07-19
WOCKPHARMA,Wockhardt Ltd.,SMALLCAP,True,NIFTY_SMALLCAP_250,2026-07-19
ZFCVINDIA,ZF Commercial Vehicle Control Systems India Ltd.,SMALLCAP,True,NIFTY_SMALLCAP_250,2026-07-19
ZEEL,Zee Entertainment Enterprises Ltd.,SMALLCAP,True,NIFTY_SMALLCAP_250,2026-07-19
ZENTEC,Zen Technologies Ltd.,SMALLCAP,True,NIFTY_SMALLCAP_250,2026-07-19
ZENSARTECH,Zensar Technolgies Ltd.,SMALLCAP,True,NIFTY_SMALLCAP_250,2026-07-19
ZYDUSWELL,Zydus Wellness Ltd.,SMALLCAP,True,NIFTY_SMALLCAP_250,2026-07-19
ECLERX,eClerx Services Ltd.,SMALLCAP,True,NIFTY_SMALLCAP_250,2026-07-19
